sma,peak_accel,tilt_change,stillness,bbox_aspect_ratio,centroid_height,frame_motion,actual_label,predicted_label,fall_probability
1.51315,1.0649455385135898,1.0993662649853917,0.99999648539453,0.8333333333333334,0.9604166666666668,1.6617936197916667,0,0,0.0
1.287025,3.602597535112686,129.78935368169806,0.9909335149252196,1.5909090909090908,0.93125,7.542714192708334,0,1,0.885
1.478725,1.935928201147966,52.1089445391153,0.9848058894052006,0.3624161073825503,0.4864583333333333,5.750044921875,0,1,0.68
1.6212,3.2124914007667007,129.9766470066573,0.5057597078556854,1.9536423841059605,0.8427083333333333,6.132934244791667,1,1,0.93
1.45425,1.0341851865115843,0.9423479905218066,0.9999853393639246,4.0,0.8760416666666667,1.3302773437500002,0,0,0.0
1.321325,1.167272890116103,9.16508031031384,0.9999672555239908,2.5,0.9145833333333332,1.7347526041666663,0,0,0.0
1.6000500000000002,1.003392744641897,1.9005380841262396,0.9999876350801928,0.2,0.8260416666666667,1.8692884114583328,0,0,0.0
1.1929,1.00491691198825,1.0900865858380089,0.9997086815723264,0.7272727272727273,0.9614583333333332,1.4214153645833332,0,0,0.0
1.70185,1.021125359591074,1.2988705726350105,0.999995657674184,1.2,0.9302083333333332,1.5211927083333332,0,0,0.0
1.7273,3.387088572801131,97.9412512669322,0.9578185998153758,2.901408450704225,0.8864583333333333,7.245425130208332,1,1,0.97
1.5430499999999998,2.8385936658845696,123.34983969262336,0.9952919890110296,3.0,0.9072916666666668,4.631504557291667,0,1,0.755
1.4856,0.9553993929242368,1.5265161529881652,0.9999808518959564,0.5909090909090909,0.5291666666666667,1.3389192708333333,0,0,0.0
1.68785,4.032906024196448,161.6232469729331,0.4077079593051256,2.033112582781457,0.8427083333333333,7.269098307291666,1,1,0.855
1.503325,1.0514998811221996,0.4796484830468408,0.9999954761720924,1.5,0.925,1.628421875,0,0,0.0
1.808475,3.531182521479171,92.69930246648082,0.98074479946425,2.1447368421052637,0.9208333333333332,5.554654296875,1,1,0.945
1.54375,2.9479765942083054,83.55684244071728,0.9515671303803904,5.4035087719298245,0.940625,7.00029296875,1,1,0.915
1.225675,1.213465697908268,16.573135423398565,0.9990997764327182,0.775,0.9145833333333332,1.7125390625,0,0,0.005
1.1061,1.3888084821169548,39.261649248530745,0.9996461986038678,0.3793103448275862,0.3927083333333333,4.727175781250001,0,0,0.115
1.3932749999999998,1.0420849293603665,1.2762892878537997,0.9999841538251312,0.6842105263157895,0.8864583333333333,1.8998287760416663,0,0,0.0
1.553675,3.511520610789576,134.29725659388828,0.4208084299108419,3.80327868852459,0.8729166666666667,6.867527994791667,0,1,0.72
1.26635,1.061584193552259,0.7075648165935746,0.9999960791389456,0.1166666666666666,0.375,2.413985026041667,0,0,0.0
1.371725,1.0541072051741227,17.112943722722747,0.9999236302864908,0.8857142857142857,0.4291666666666666,3.312490234375,0,0,0.0
1.496225,1.009266069973622,1.242497956352615,0.9999921327211811,0.75,0.8354166666666667,1.951392578125,0,0,0.0
1.3802249999999998,2.8652685737989727,103.52294212345188,0.7148246485113767,1.562248995983936,0.740625,8.340272135416665,1,1,0.92
1.2096,3.4367295500228123,84.76537898224363,0.9919618425547112,1.1355932203389831,0.9385416666666668,6.539946614583333,0,1,0.655
1.03205,0.9774052383735212,0.7803090851793968,0.9999881579649188,2.6923076923076925,0.9239583333333332,1.359587890625,0,0,0.0
1.2713,1.0021297321205471,2.317653952981459,0.9999631795342192,2.0681818181818183,0.9333333333333332,1.4912493489583334,0,0,0.0
1.62525,1.257600095419844,26.189660470917275,0.9983993655329664,0.5,0.74375,4.829819010416666,0,0,0.235
1.506225,1.494478504361973,32.23379136230186,0.9595075819515448,0.7857142857142857,0.4125,6.661983072916667,1,0,0.25
1.631975,3.547324202832326,95.3538430938379,0.5507839609762835,2.085714285714286,0.8177083333333334,5.839001953125,0,1,0.95
1.3196,1.0971526785274692,6.153082808903749,0.999603689830948,1.55,0.9375,1.6104921875000002,0,0,0.0
1.5686,2.0016605606345945,150.38833876436462,0.7946967327020547,1.791111111111111,0.765625,5.61662109375,0,1,0.94
1.50095,2.784711295628328,139.99138917972843,0.8637526968543956,0.9830508474576272,0.9385416666666668,6.483882161458334,1,1,0.645
1.67225,1.706791434241454,37.18415313739413,0.999622943748775,1.22,0.9208333333333332,3.285658203125,0,0,0.15
1.398825,2.987160022496284,109.50368096969328,0.9765089284783088,1.975609756097561,0.9364583333333332,5.756458333333334,1,1,0.975
1.7241499999999998,3.31096738129508,150.6101394722078,0.8718462303144814,3.462686567164179,0.9302083333333332,6.379460286458334,1,1,0.92
1.0345,0.989515538028585,1.1960996109941675,0.9999925753193528,0.4137931034482758,0.3989583333333333,1.595943359375,0,0,0.0
1.5247,1.13673391785413,34.8694441081636,0.9576601558808392,0.7756410256410257,0.675,6.685686848958333,0,0,0.26
1.414025,1.0852603374306091,61.11945730497224,0.9999890295008232,0.4444444444444444,0.7666666666666667,2.619485677083333,0,0,0.085
1.4235250000000002,2.403849620920577,86.36902592671984,0.7477569236765506,2.049689440993789,0.8322916666666667,6.820990234375,1,1,1.0
1.485275,1.0081497904577474,0.7197580348625081,0.9999973252578602,0.5633802816901409,0.3989583333333333,2.3561328125,0,0,0.0
1.1925,0.9665122865230426,0.2922153539562941,0.9999891503267008,0.8333333333333334,0.36875,1.4300944010416667,0,0,0.0
1.31445,1.125031999544902,5.247724203775515,0.9952914729482676,0.8020833333333334,0.4041666666666667,2.939947265625,0,0,0.01
1.5055500000000002,1.504072139227371,10.76603608913794,0.999928614466262,4.0,0.95625,1.9645865885416665,0,0,0.01
1.489375,2.735844659332836,48.99553313932339,0.7269021706016451,2.117647058823529,0.8583333333333333,7.163223958333335,1,1,0.945
1.5348,1.16208175271794,6.204445761263202,0.9999196865477734,11.0,0.9520833333333332,1.8107519531250005,0,0,0.02
1.222925,0.9724499987145868,2.5102383132584407,0.999976639802543,0.8611111111111112,0.9541666666666668,1.4568118489583333,0,0,0.0
1.41055,1.0369715521652465,2.048353691233654,0.9999948684961064,1.0263157894736843,0.5333333333333333,4.107330729166667,0,0,0.025
1.754,1.0422408550810125,2.96510528350251,0.9999921026954004,0.1538461538461538,0.4291666666666666,2.7814505208333333,0,0,0.0
1.480525,3.406568654819685,88.27019441733847,0.978626970985058,1.3604651162790695,0.4125,9.8509921875,1,1,0.715
1.3131749999999998,2.6196371886198286,123.81059562430852,0.9998800195556936,1.75,0.9833333333333332,7.4396640625,1,1,0.76
1.5479500000000002,3.6387797405174167,49.44502458812789,0.6438870809250329,3.148936170212766,0.853125,7.363475911458333,1,1,0.935
1.339525,3.1719605924412115,105.16880380666512,0.9982746018481826,0.8951612903225806,0.8708333333333333,7.199423828124999,1,1,0.815
1.6078000000000003,1.0671972638645586,2.842081854042654,0.999992188463139,0.25,0.9666666666666668,1.4480130208333335,0,0,0.0
1.0293249999999998,0.9802759815480536,1.185013353203857,0.999968784208664,3.571428571428572,0.9072916666666668,1.4159140625,0,0,0.0
1.15495,1.0656730267769752,2.120526870218303,0.9999661988488208,1.65625,0.9333333333333332,2.219031901041667,0,0,0.01
1.163475,0.9915835819536344,0.7410441671845547,0.9999972454982432,1.0,0.9958333333333332,1.371744140625,0,0,0.0
1.5921,2.696957915874848,58.07539586371833,0.8770547196514634,1.8,0.9427083333333334,5.23807421875,1,1,0.95
1.4641,3.90719298218043,90.78772886116292,0.9635854197186928,3.897435897435898,0.959375,6.002694661458333,1,1,0.87
1.2564499999999998,1.0556154602884518,3.022470009401964,0.9999806169229324,0.4571428571428571,0.9427083333333334,1.4157721354166668,0,0,0.0
1.4304,1.032581715894679,5.5618136409486,0.9998629828861322,1.9166666666666667,0.93125,1.4620130208333333,0,0,0.0
1.633775,2.1666337946224323,116.01847723520736,0.980486628011323,2.236842105263158,0.9208333333333332,12.504416666666666,1,1,0.995
1.7038,2.667197218054938,43.55160423706816,0.5993674115441823,2.083333333333333,0.9125,7.576217447916666,1,1,0.88
1.36925,1.1809805248182546,4.771412164478536,0.9999901433320396,0.8,0.4395833333333333,1.4301080729166666,0,0,0.0
1.0814499999999998,0.988105763569872,0.6297715443356537,0.9999595840967096,2.0303030303030303,0.9072916666666668,1.446654296875,0,0,0.0
1.09495,0.9852334748677596,0.1792037273000915,0.999997528042214,1.0,0.8447916666666667,1.4448893229166664,0,0,0.0
1.260275,1.4035230671421115,46.81758049019723,0.9998634848703584,0.95,0.9583333333333334,2.6279069010416665,0,0,0.04
1.4483,0.9899459581209472,4.21829493381221,0.9999918525970892,4.571428571428571,0.9052083333333332,1.5548326822916667,0,0,0.0
1.395425,0.9737561296341092,5.068379384692946,0.9999879160716312,0.5,0.9916666666666668,1.4371119791666669,0,0,0.0
1.4322500000000002,3.960625960627941,34.74953869486721,0.9184275601389283,0.4444444444444444,0.696875,5.656162109375,1,0,0.42
1.7572250000000005,4.34127654037381,92.8049852991444,0.910693968301512,2.384,0.8697916666666666,9.84580078125,1,1,0.99
1.23515,1.0912712769976125,4.106835339515021,0.9999959580195732,0.7142857142857143,0.3864583333333333,1.703419921875,0,0,0.0
1.75045,1.0471618786033037,4.031216625427987,0.9999630147308513,0.6153846153846154,0.4052083333333333,2.1475768229166667,0,0,0.0
1.4073999999999998,1.1127421084869575,10.585199898420086,0.9813357386573864,0.4814814814814814,0.5791666666666667,5.114785156249999,0,0,0.075
1.27345,1.0594092693572206,1.7415103986239266,0.9999771536242476,0.8,0.959375,1.7614596354166665,0,0,0.0
1.410875,1.2171150315397472,135.28659185059203,0.9995951497983548,0.3282442748091603,0.8552083333333333,4.62569921875,1,0,0.205
1.3302,1.4297506775658475,22.482668372258782,0.9999248200287332,0.6,0.3739583333333333,2.029567708333333,0,0,0.01
1.534525,1.797118805199033,51.90227392835237,0.9977230346148488,2.25,0.9625,4.375645833333333,0,1,0.735
1.8148500000000003,1.0877816876561217,4.931831379553231,0.9999935790677128,0.5,0.4583333333333333,2.131662109375,0,0,0.0
1.200075,0.9942062160336758,3.322225924408002,0.9998877532080528,0.5,0.9541666666666668,1.6753567708333337,0,0,0.0
1.574475,2.980122984039417,57.12146369236101,0.5408155326991934,3.236559139784946,0.903125,6.817150390625,1,1,0.935
1.30835,5.385768097495473,94.05360328410238,0.2963347599902005,1.5747508305647842,0.6864583333333333,8.675856119791668,1,0,0.46
1.192,0.988184699335099,0.2149620905259723,0.999997469948564,0.2,0.4395833333333333,1.5259850260416663,0,0,0.0
1.41465,3.3882145740788028,38.78628838526686,0.9922564179648096,0.4814814814814814,0.83125,4.8666796875000005,0,0,0.465
1.441525,2.0713138342607573,90.77035637932268,0.997971749684299,1.15625,0.8895833333333333,5.413039713541666,1,1,0.745
1.5875499999999998,1.0834735806654447,3.000601559369944,0.9999206570583972,2.12,0.9010416666666666,1.4362740885416667,0,0,0.0
1.191675,1.0663676664265471,3.003017897215287,0.9999665317230528,1.144578313253012,0.4114583333333333,3.7373828125,0,0,0.01
1.6390250000000002,1.0734584295630645,0.9662022410082188,0.9999940964022704,0.5,0.3895833333333333,1.2282141927083332,0,0,0.0
1.4399000000000002,3.752206550817798,139.74806945332836,0.4461316192349747,2.452380952380953,0.825,7.085342447916666,1,1,0.635
1.494425,1.7397416474867755,43.838156053250216,0.9986364329957844,0.8173076923076923,0.6979166666666666,9.781671875,0,0,0.5
1.555625,1.0714648850989004,1.7182422826937014,0.9999929106521802,3.5,0.8833333333333333,1.196970703125,0,0,0.0
1.71695,1.049862371932626,3.092619541279724,0.9999843160094004,0.5,0.4041666666666667,1.570797526041667,0,0,0.0
1.219275,0.9794820059602932,1.5188457273316942,0.9999683128586015,1.5098039215686274,0.946875,1.6446165364583334,0,0,0.0
1.4850249999999998,1.0690360143606017,10.532142126086086,0.9999808695599474,1.0,0.9760416666666668,1.9787421875,0,0,0.0
1.332525,1.0771652612296776,2.1636738998411715,0.9999830830580434,0.3333333333333333,0.8572916666666667,2.3078372395833333,0,0,0.0
1.665175,2.0272764981620046,52.65300071819992,0.9969892682775984,0.6666666666666666,0.975,3.032026041666667,0,0,0.145
1.20335,0.9870937138894158,0.3431060469771694,0.9999959698179098,1.3,0.3895833333333333,1.356021484375,0,0,0.0
1.57345,1.2301101576688165,9.415119556713352,0.9998975877276456,0.8977272727272727,0.9083333333333332,1.5110390625,0,0,0.03
1.2541,1.0574464525449976,2.274370564243899,0.9999928327447586,1.1842105263157894,0.9604166666666668,1.42402734375,0,0,0.0
1.424575,0.9839451204208496,0.9629252717870144,0.9999989275851948,0.8253968253968254,0.4197916666666667,2.3175481770833333,0,0,0.0
1.3082,1.4329975575694467,41.26435659009671,0.9993273051139732,5.0,0.9125,3.097438151041666,0,0,0.04
1.544175,2.565102337139787,42.70020849210836,0.994687122546492,2.4761904761904763,0.759375,3.953737630208334,0,0,0.43
1.453475,1.2101012354344574,15.731240362496196,0.9999787555857672,0.5555555555555556,0.45625,1.9228170572916667,0,0,0.0
1.518025,2.666399819981992,85.685122468692,0.9983123388983955,0.5263157894736842,0.9802083333333332,2.6896979166666664,0,0,0.2
1.134775,0.9698463795880252,0.4151808936064185,0.9999978917972862,0.3206106870229007,0.471875,2.825209635416667,0,0,0.0
1.2092,1.5735850787294596,15.797963758473776,0.9990515092806114,1.3571428571428572,0.95625,2.033860677083333,0,0,0.035
1.347025,1.0116244362410391,0.8261837785439639,0.999978188208666,2.8181818181818183,0.9677083333333332,1.269818359375,0,0,0.0
1.271175,3.186943676941907,96.13449390080388,0.936925839103578,2.9444444444444446,0.9625,5.875340494791667,1,1,0.93
1.3299999999999998,1.069742492378423,3.202891928569024,0.9999812382685384,1.8,0.9,1.4483372395833334,0,0,0.0
1.34465,1.0665326999206357,0.5389612852731531,0.9999963530940849,1.263157894736842,0.4395833333333333,1.6890436197916667,0,0,0.0
1.503,1.102702135664931,6.889808728490664,0.9997224185697164,0.711864406779661,0.4427083333333333,2.577692708333333,0,0,0.01
1.3165749999999998,1.3652358770556832,16.59584730130737,0.9998372364613394,1.3333333333333333,0.9833333333333332,1.7506204427083332,0,0,0.01
1.2112000000000005,1.0015358206275,2.1426311381640915,0.9998615955753308,4.727272727272728,0.884375,1.272548828125,0,0,0.0
1.28215,1.3192425857286445,17.404200440210204,0.9999550053276688,0.5714285714285714,0.4010416666666667,3.070962890625,0,0,0.005
1.3991000000000002,2.642437700306291,100.13700001399862,0.9522787922617986,0.8571428571428571,0.8552083333333333,6.847000651041666,1,1,0.95
1.3429,2.825348474082445,48.776846849118144,0.998320496872264,3.0,0.9395833333333332,2.627889973958333,1,0,0.29
1.69225,1.1857512386668632,49.99877048264195,0.9999686755117232,0.5,0.4270833333333333,1.8043684895833332,0,0,0.025
1.10365,0.9931943415062332,0.8986210059059943,0.9999979350179188,0.4166666666666667,0.375,1.4472141927083333,0,0,0.0
1.5677,3.441470761171741,94.34047634696408,0.9710089513564044,2.5294117647058822,0.8760416666666667,6.830962890625,1,1,0.95
1.0654,0.9890722926055506,3.261725358345359,0.9997536282885858,0.9761904761904762,0.93125,2.2670123697916664,0,0,0.0
1.79865,1.1750017021264267,16.414579969205022,0.9998763624811008,3.6666666666666665,0.9625,1.7123815104166666,0,0,0.005
1.3083000000000002,0.978301078400714,1.1130350914017697,0.9999984111190756,1.0,0.990625,1.348326171875,0,0,0.0
1.47145,2.702975027631591,95.06921956884156,0.9908165272635352,2.1666666666666665,0.975,4.015142578124999,0,1,0.675
1.4893250000000002,1.9928394315649216,78.5277705122606,0.9990925444204888,1.0422535211267605,0.428125,4.046223307291666,0,0,0.21
1.284625,1.0743607401613295,2.641061816474481,0.9999133797124006,1.75,0.9625,1.5250618489583334,0,0,0.0
1.7414,1.297374271365052,39.98862373436226,0.9997872395145768,1.2386831275720165,0.5510416666666667,7.453748046875001,0,0,0.275
1.5956999999999997,0.998913910204478,0.57647057598723,0.9999946643241374,1.0,0.903125,1.3424453125,0,0,0.0
1.642425,2.445705215270229,61.93876951827403,0.7211578362218877,1.9282511210762328,0.7677083333333333,7.004885416666667,1,1,0.825
1.581,1.085285215968595,3.5924073589701564,0.999988206894746,1.1090909090909091,0.8739583333333333,1.5228678385416663,0,0,0.0
1.815425,1.0648572674307106,1.8291746608871835,0.999995856534151,2.066666666666667,0.740625,1.4345865885416669,0,0,0.0
1.534875,1.418996124025714,47.85141840020576,0.975306149168095,1.0555555555555556,0.9604166666666668,4.878528645833334,1,1,0.74
1.63035,4.763408338574387,114.858857291286,0.9731429013780282,2.1320754716981134,0.8895833333333333,9.986145833333332,1,1,0.98
1.33265,1.0354868420216647,7.976583424313446,0.9999936433014572,2.5,0.90625,1.619625,0,0,0.0
1.5779,1.0701355054384467,0.6775478676676201,0.9999944911038527,1.2,0.9177083333333332,1.2899544270833334,0,0,0.0
1.080525,0.983209540230362,0.2526656769742033,0.9999938193928176,0.6666666666666666,0.921875,1.2178033854166668,0,0,0.0
1.3985249999999998,2.209653592760639,26.563632943656746,0.8364836691805794,1.6833333333333331,0.75,6.155625,0,1,0.8
1.4749,1.00891922372408,3.1019835954570283,0.9999829602019028,0.8666666666666667,0.8489583333333334,1.839445963541667,0,0,0.0
1.7780999999999998,2.0990209622583573,119.50753864291084,0.957640833080762,0.5490196078431373,0.946875,5.037642578125,0,1,0.675
1.7847749999999998,4.117298143200222,114.5221460707006,0.9977645054118278,0.7866666666666666,0.4260416666666666,5.667098958333333,0,1,0.685
1.611125,0.99501809028781,1.0500352472523389,0.9999822142173024,0.5901639344262295,0.9177083333333332,4.166650390625,0,0,0.005
1.583025,4.5674923097910085,116.44543586732644,0.9735754148812948,2.065217391304348,0.8770833333333333,6.665942708333333,1,1,0.97
1.5356999999999998,1.7741254183399775,43.177066534127135,0.9998937382024068,0.5614035087719298,0.4197916666666667,4.5929309895833335,0,0,0.14
1.67025,0.9741627174142932,1.1155471925752494,0.9999891412669144,0.4838709677419355,0.6125,3.370095703125,0,0,0.0
1.212425,0.9724499987145868,3.6982142285323647,0.9999815643920124,1.4285714285714286,0.3822916666666666,1.3689694010416669,0,0,0.0
1.333225,1.069742492378423,2.6363096968699478,0.9999812099295338,1.3214285714285714,0.9208333333333332,1.3300227864583334,0,0,0.0
1.51045,1.2031649928417965,11.276583950251162,0.9999749098380262,0.44,0.4697916666666666,1.8633665364583332,0,0,0.0
1.5541249999999998,3.74671109107708,88.89222331063807,0.6170811696677265,1.3187772925764192,0.7614583333333333,5.578714843749999,1,1,0.92
1.27865,1.061663317629464,1.1131404593711238,0.9999947671625636,5.5,0.9458333333333332,1.3025423177083333,0,0,0.0
1.0923,0.979006639405474,0.3596102393769058,0.99999807749569,0.5555555555555556,0.3822916666666666,1.3496048177083335,0,0,0.0
1.18985,0.9628977100398568,0.2572290906630599,0.9999971655883848,0.6666666666666666,0.384375,1.4108580729166669,0,0,0.0
1.4227,3.437530654408772,58.58567912351421,0.9754972132539732,0.4423076923076923,0.5041666666666667,6.159736979166667,1,1,0.555
1.2015249999999995,1.0531239243317947,0.3281890217201146,0.9999970626037928,1.4285714285714286,0.9135416666666668,2.11856640625,0,0,0.0
1.3979500000000002,0.9812879292032488,1.353996748856872,0.9999995121641234,0.6666666666666666,0.996875,1.2279563802083333,0,0,0.0
1.1386499999999995,1.0118275544775404,12.52277499227418,0.999986899700556,0.8675496688741722,0.340625,4.352529947916667,0,0,0.0
1.570675,1.0668247278723906,1.6955071681866514,0.9999866351665374,1.2307692307692308,0.8739583333333333,1.6137858072916669,0,0,0.0
1.5629,2.696957915874848,47.35682703120983,0.998748726516359,1.0833333333333333,0.9375,3.229481119791666,1,0,0.285
1.2478,1.10415986161425,3.096105498916529,0.9999934004037224,0.5,0.9791666666666666,1.5422174479166668,0,0,0.0
1.6089999999999995,2.250561041162848,17.82773504760783,0.995853637833965,0.6029411764705882,0.64375,4.766738932291667,0,0,0.375
1.3093,0.9814504572315406,0.9611458869459568,0.9999954484560974,1.0,0.9208333333333332,1.3738652343750002,0,0,0.0
1.204075,1.4531025428372215,9.60676820911965,0.9962385027243692,1.120481927710843,0.4177083333333333,2.4717031250000003,0,0,0.035
1.186525,0.9669694927969548,0.7246961952261017,0.9999981009793454,1.0,0.921875,1.3476438802083333,0,0,0.0
1.554675,6.339742344922229,95.30013180711886,0.9226375040692588,1.02,0.9479166666666666,6.188631510416666,1,1,0.84
1.435125,1.2953709893308556,14.370084068612003,0.9999852628455064,0.6923076923076923,0.3802083333333333,1.8590494791666663,0,0,0.025
1.175925,1.056627654379725,6.121959785672857,0.9984332296931696,1.6265060240963856,0.9135416666666668,1.6224596354166667,0,0,0.04
1.6256500000000005,0.9600239580343816,1.66764897157978,0.9999975257312684,2.375,0.9458333333333332,1.2395143229166667,0,0,0.0
1.71805,4.37721749516745,98.0069116016426,0.5688199150928572,4.929411764705883,0.9114583333333334,6.852242838541666,1,1,0.895
1.51935,1.5813234963156657,52.943943402802645,0.9697223641934892,1.5,0.9520833333333332,4.14777734375,1,1,0.655
1.0220749999999998,0.9760174178773656,0.1802447974401104,0.9999986281578715,4.0,0.9677083333333332,1.2121315104166666,0,0,0.0
1.378,2.2513973438733554,117.66145649020427,0.9974471601754428,0.6739130434782609,0.9520833333333332,5.086981119791666,1,1,0.7
1.2297,0.9639258270219756,0.5612864495788017,0.9999991559100264,1.0,0.996875,1.3086341145833331,0,0,0.0
1.430075,1.0373514351462574,2.84774897301908,0.9999780317349004,0.9047619047619048,0.784375,1.576380859375,0,0,0.0
1.3090499999999998,1.0556675613089568,4.838329596992665,0.9999909397399458,1.8928571428571428,0.9708333333333332,1.8335279947916665,0,0,0.0
1.0355,0.9861871019233622,0.6518543658813201,0.9999964045800952,0.4117647058823529,0.415625,1.6634055989583332,0,0,0.0
1.120725,0.9798887691978104,0.2006463140476455,0.9999975970764404,1.4029850746268655,0.4114583333333333,1.8689342447916664,0,0,0.0
1.2968,1.0771917192403588,3.603035213601704,0.9999986847260164,1.0,0.9125,1.2827259114583334,0,0,0.0
1.507625,1.1048841568236918,58.39420096068973,0.9689919870902552,0.5473684210526316,0.703125,4.536195963541667,1,0,0.055
1.6162500000000002,2.436566026193421,70.6769925396333,0.8835655543044444,4.605263157894737,0.9395833333333332,4.909983723958333,0,1,0.885
1.593125,2.8878597611379955,73.504733591653,0.8331641890647952,2.6159420289855078,0.85625,6.102614583333333,1,1,0.975
1.715075,3.326975353079731,92.11899307936436,0.8912908616571794,2.3376623376623376,0.9197916666666668,7.382022786458334,1,1,0.99
1.3787,0.9806492747154816,3.2004705135906875,0.9999617144464484,0.6363636363636364,0.4510416666666667,1.77206640625,0,0,0.0
1.587075,1.5216977360829582,43.63041513699108,0.9986798971074836,1.0,0.9510416666666668,2.876506510416667,0,0,0.25
1.328875,1.241232452041115,6.813596491577656,0.9996928535626862,0.3576158940397351,0.821875,2.4805651041666668,0,0,0.01
1.60415,1.0944245063045692,3.4671566491525,0.9999875635168088,1.1578947368421053,0.425,2.578541666666667,0,0,0.0
1.5296249999999998,0.9532586217810988,2.0452909699405097,0.9999961965774136,0.90625,0.3666666666666666,1.5387421875,0,0,0.0
1.240225,1.5735850787294596,15.797963758473776,0.9433753864951052,1.3333333333333333,0.9625,1.9185234375,0,0,0.245
1.5384,3.90719298218043,75.40061867960165,0.4558988069961923,2.4058823529411764,0.8229166666666666,6.670060546875,1,1,0.685
1.594975,3.801673052749276,65.61506722760544,0.9982506104245852,5.5,0.9520833333333332,3.861973958333333,0,0,0.5
1.449175,1.033418598632713,0.8273472174807992,0.999998593111692,0.7727272727272727,0.4020833333333333,1.4408906250000002,0,0,0.0
1.4319,1.1306613109149883,5.241110663459182,0.998478378921931,1.0,0.9645833333333332,1.7500514322916665,0,0,0.06
1.46095,1.099977272492482,17.108662142570324,0.996236854767805,0.625,0.5645833333333333,3.2845579427083336,0,0,0.005
1.632375,1.0713706174802442,0.7985373554233455,0.9999932775452476,0.6818181818181818,0.4333333333333333,1.7281783854166668,0,0,0.0
1.4255749999999998,1.0734402638246805,4.848262008172661,0.9998237195325969,2.646153846153846,0.9322916666666666,2.0574752604166666,0,0,0.015
1.4444,3.343926584122325,111.9964341287132,0.9571355802016952,0.9390243902439024,0.4083333333333333,8.257400390624998,1,1,0.75
1.048825,1.0664956633760871,1.7452555015642588,0.9999812668200584,0.4642857142857143,0.5375,1.446982421875,0,0,0.0
1.308475,1.125031999544902,5.247724203775515,0.999967436113492,0.5483870967741935,0.4395833333333333,2.9181516927083337,0,0,0.0
1.3483,1.059333280889447,0.4701176132974112,0.9999929128560072,0.5882352941176471,0.9697916666666668,1.2609205729166666,0,0,0.0
1.351975,2.730077837718185,29.4663527791935,0.9988278008986676,9.625,0.8979166666666667,3.1085143229166663,1,0,0.385
1.148,0.97083984261051,3.753359838564237,0.999852899151726,0.6,0.928125,1.5498404947916666,0,0,0.015
1.58285,1.072206136897192,1.687883470897976,0.9999897699612272,3.0,0.8927083333333333,1.21094140625,0,0,0.0
1.171125,1.5926145170756167,40.642670726044855,0.9997871833741038,0.3085106382978723,0.5208333333333334,3.903132161458333,0,0,0.115
1.1925,0.9628234521447844,2.153789593906652,0.9999925327070432,0.8571428571428571,0.5489583333333333,1.241935546875,0,0,0.0
1.7991499999999998,3.773965156171954,74.86551302646839,0.9925518271588484,0.4561403508771929,0.415625,4.345486328125,0,0,0.36
1.497775,1.0479856869251605,6.678458512618175,0.9999239590120016,2.9285714285714284,0.95625,1.6535924479166666,0,0,0.0
1.4705,1.0859074546203282,18.069350321073173,0.9969241327255176,0.8188976377952756,0.61875,5.308350911458334,0,0,0.04
1.41865,1.016228812817271,2.397976577785215,0.9999955684195864,2.2,0.6489583333333333,1.5291770833333334,0,0,0.0
1.499175,2.7626642937570245,123.1178194098434,0.6741030201576202,1.59,0.7916666666666666,6.006154947916667,1,1,0.86
1.347775,1.062180775574478,1.212207022681607,0.9999957625787106,0.3333333333333333,0.9666666666666668,1.2719798177083337,0,0,0.0
1.579,1.0695657997524042,0.7545630694402519,0.9999977853194374,1.0,0.9125,1.4429114583333336,0,0,0.0
1.6096499999999998,1.480869001633838,12.144721117855674,0.9999458962031764,0.9047619047619048,0.853125,1.927884765625,0,0,0.025
1.39905,1.0284677923979924,1.112528722709584,0.99999348878791,0.5405405405405406,0.9510416666666668,1.6609335937499998,0,0,0.0
1.477225,1.00891922372408,3.1019835954570283,0.999998110524362,1.0384615384615383,0.8333333333333334,1.7482024739583335,0,0,0.0
1.3274,2.109167608323246,100.30948906404696,0.9996510639380136,0.8205128205128205,0.9447916666666668,3.1631080729166667,0,0,0.265
1.757425,1.0464119647634005,0.8056523222491023,0.9999681053751728,1.0277777777777777,0.4416666666666666,1.7133287760416664,0,0,0.0
1.2138,0.9787839393860116,0.9228864340708468,0.9999946247242107,1.103448275862069,0.5104166666666666,2.123149088541667,0,0,0.0
1.491875,1.0064655980211148,0.4996695363117567,0.9999968227033056,5.0,0.9072916666666668,1.3475950520833335,0,0,0.0
1.652225,3.761773119155381,91.74712783551534,0.4214371768234033,2.253968253968254,0.803125,10.323253255208334,0,1,0.82
1.6496249999999997,1.030792413631377,4.617639743689665,0.9999928998219462,0.4285714285714285,0.4260416666666666,1.633498046875,0,0,0.0
1.204475,0.9939406420908644,0.6879775590311397,0.9999957498287328,0.5217391304347826,0.4135416666666666,2.424758463541667,0,0,0.0
1.1591749999999998,1.068008426933046,0.5308396979598751,0.9999978844801451,2.625,0.9166666666666666,1.4004824218749998,0,0,0.0
1.735475,3.7105014485915513,115.6915867156982,0.9480277875389276,4.307692307692308,0.9260416666666668,6.214125651041666,0,1,0.985
1.23995,1.0669376739060257,2.715367547508496,0.9999098308467076,0.5342465753424658,0.9177083333333332,1.5171569010416666,0,0,0.0
1.7567999999999997,1.099572644257759,10.40183316014896,0.9999656018377596,0.3846153846153846,0.478125,3.368381510416667,0,0,0.0
1.4933,2.468795050221869,62.37657446993983,0.9854729806637272,1.4242424242424243,0.9385416666666668,3.2939401041666665,1,1,0.525
1.416075,0.9839451204208496,2.135022479070045,0.999994490025738,0.573170731707317,0.5375,1.88033203125,0,0,0.0
1.4118749999999998,1.0301621231631457,0.5479573118246286,0.9999988355628188,1.0476190476190477,0.9197916666666668,1.3020501302083334,0,0,0.0
1.141975,1.540727750123298,50.8603103225954,0.996165386935004,1.0384615384615383,0.9458333333333332,6.243753255208333,1,1,0.525
1.4843499999999998,1.8144048611045995,94.64609894596354,0.9972489068362068,0.379746835443038,0.3739583333333333,5.156549479166666,0,0,0.29
1.4667749999999995,1.0729487406209113,2.6243831523521592,0.9999294152049208,0.5606060606060606,0.8625,2.503669270833333,0,0,0.0
1.0713750000000002,1.022089037217404,1.110746257690323,0.9999823184083644,0.7142857142857143,0.4208333333333333,1.52957421875,0,0,0.0
1.31205,1.42346794835711,51.5624209802411,0.9110239455639864,4.903614457831325,0.9135416666666668,7.019552734375,1,1,0.8
1.311275,2.4872514951246885,51.90280213145181,0.941781014421988,2.1,0.9375,6.705190104166666,1,1,0.91
1.299275,1.0275918450435464,3.563733450505339,0.9999867662436096,0.8571428571428571,0.3708333333333333,1.929731119791667,0,0,0.0
1.4924499999999998,2.8548619931618413,149.6698642099175,0.9912189171688528,2.7333333333333334,0.890625,6.879718098958333,1,1,0.93
1.6213000000000002,2.735362864411228,130.0926460365952,0.6343606218385901,1.8692307692307693,0.8645833333333334,6.934891927083333,1,1,0.865
1.4006500000000002,0.9631188919339086,2.738531570627913,0.9999728746769684,0.8307692307692308,0.5364583333333334,1.8741009114583336,0,0,0.0
1.151725,1.004207647849786,0.4044955600348316,0.9999946014899096,1.0714285714285714,0.34375,1.5187128906249998,0,0,0.0
1.6079250000000005,3.9354413983694383,124.90423664965624,0.9717562054864244,1.6071428571428572,0.7958333333333333,7.617063802083332,1,1,0.955
1.2163,1.1146456836143044,4.03285940988776,0.9999586625153196,1.4390243902439024,0.8802083333333334,1.697186197916667,0,0,0.0
1.706325,1.0186707024352866,2.320231279264455,0.9999953271277148,0.6666666666666666,0.996875,1.543294921875,0,0,0.0
1.394025,1.0329167439827858,0.8093700728079654,0.9999900250685018,0.7368421052631579,0.6947916666666667,1.6271998697916668,0,0,0.0
1.4614999999999998,1.0681821005802334,4.961274784044537,0.999977059847816,1.2666666666666666,0.8770833333333333,2.4899140625,0,0,0.0
1.55515,3.159499327425154,80.22998213184354,0.4624567327115183,2.110526315789474,0.8020833333333334,8.16846484375,0,1,0.925
1.375475,1.3737124881138705,8.274935129199065,0.99888333516115,0.4,0.9666666666666668,2.708797526041667,0,0,0.025
1.018625,0.965522656388756,1.498988367250817,0.9999692775892068,0.5714285714285714,0.40625,1.3894798177083332,0,0,0.0
1.5609,1.0863411066511293,2.5748793196128617,0.999788911887276,0.2352941176470588,0.7822916666666667,1.718145182291667,0,0,0.01
1.4621,3.2444557324765584,23.53928962606821,0.6905347996517647,0.6462093862815884,0.7114583333333333,5.3564453125,0,0,0.305
1.250475,0.9491859670264832,4.151955026799129,0.9999836291399272,2.25,0.89375,1.6477317708333334,0,0,0.0
1.50015,2.4242072931166594,51.84563022760892,0.9824795508669698,1.03125,0.9666666666666668,4.9856575520833335,0,1,0.66
1.213525,1.1097774551683774,11.83434148350019,0.9999475441149528,0.5238095238095238,0.4510416666666667,1.9792389322916664,0,0,0.0
1.050375,0.9675334619536422,3.3466145381454595,0.9999799626508432,0.4285714285714285,0.396875,1.4857115885416663,0,0,0.0
1.40355,1.0369715521652465,1.778011357901299,0.9999963682822216,0.839142091152815,0.4177083333333333,6.2836686197916665,0,0,0.0
1.22465,3.347316985288366,164.7995495505561,0.9735178283598418,0.6224489795918368,0.4958333333333333,4.688424479166667,0,0,0.415
1.2378,1.0634702628658683,35.40289218020006,0.9993251614025356,1.0804597701149423,0.909375,2.870963541666667,0,0,0.04
1.73805,1.093376879214116,5.494349068323089,0.9999564775474314,0.9565217391304348,0.9760416666666668,1.7157220052083335,0,0,0.0
1.568675,1.0706820256266565,2.263401969484711,0.9999851260734955,1.9428571428571428,0.8510416666666667,1.6291341145833336,0,0,0.0
1.3661749999999997,0.989986868599781,2.904362370097552,0.999994874709634,1.2962962962962965,0.9427083333333334,1.5369374999999998,0,0,0.0
1.4766750000000002,1.033681769211395,12.405369153801132,0.999993287860482,0.7272727272727273,0.5270833333333333,1.396882161458333,0,0,0.0
1.246325,1.0864497227207526,8.497258247646755,0.9948282301496468,1.9833333333333332,0.9375,2.07716015625,0,0,0.085
1.25885,0.9780782177310768,0.2655769394928882,0.9999943650538904,0.625,0.3833333333333333,1.3246536458333331,0,0,0.0
1.7643749999999998,1.2509336513180864,51.425178170899,0.9999011367208538,0.4888888888888889,0.4322916666666667,3.326922526041667,0,0,0.055
1.6195,0.987177795536346,2.192720628667296,0.9999881372331766,0.9411764705882352,0.8510416666666667,1.608805989583333,0,0,0.0
1.441875,0.9945149571524804,35.77821953317378,0.951900952722466,1.4,0.75,5.151438151041667,1,0,0.49
1.612275,2.0990209622583573,119.50753864291084,0.7063264914193446,2.0551181102362204,0.8677083333333333,5.614850260416667,1,1,0.985
1.600975,0.9688524139413596,1.9971957170757264,0.9999969576434412,0.9090909090909092,0.453125,1.4309928385416666,0,0,0.0
1.217075,1.9056148614030064,52.1817612639105,0.9997074123716734,0.59375,0.4041666666666667,5.4733834635416665,0,0,0.37
1.443725,1.1863431206864228,12.600889239275652,0.999962961571477,0.7,0.9520833333333332,2.9802428385416677,0,0,0.0
1.027275,0.9828555336365564,0.1466940859004921,0.9999961880961276,0.6,0.390625,1.4257779947916664,0,0,0.0
1.433125,1.059306848840316,2.8783291661780765,0.9999880422875524,1.5,0.3895833333333333,1.4242500000000002,0,0,0.0
1.416975,1.168816923217661,37.08694682712738,0.9917027749516056,0.59375,0.7,4.448085937499999,0,0,0.065
1.58175,1.0356746593404706,14.14946011159575,0.999985518731674,0.6666666666666666,0.9,1.5858561197916663,0,0,0.0
1.7428249999999998,2.735844659332836,60.40289979745223,0.9988441810689572,1.7169811320754718,0.8739583333333333,4.461529947916667,1,1,0.555
1.36005,2.757591702917602,110.67150260930762,0.6102267592052111,2.981981981981982,0.884375,6.735096354166667,1,1,0.96
1.425125,2.9865321026233755,86.38186066784904,0.9979899290950393,1.170731707317073,0.9145833333333332,7.756191406249999,1,1,0.875
1.394375,1.0417878862801198,0.8894445402041242,0.999996566131084,0.6,0.7,1.6732252604166669,0,0,0.0
1.29945,1.2204790043257607,11.08429894282864,0.9999930594574048,1.5,0.8625,1.8106783854166668,0,0,0.01
1.143875,0.9828026251491192,0.3607084489919714,0.999997208149476,0.7222222222222222,0.98125,1.4559401041666669,0,0,0.0
1.6773250000000002,5.024696707265027,93.69686498807025,0.2751860732255715,2.607142857142857,0.825,6.308916015625,1,1,0.605
1.613675,1.030808420609766,5.86801509413975,0.9999849358267558,3.0,0.946875,1.7782018229166667,0,0,0.0
1.3042250000000002,1.0887451492429254,2.4838885176758083,0.99787764397118,1.3571428571428572,0.3770833333333333,1.6042747395833334,0,0,0.015
1.28795,1.343399419383528,10.1178951727492,0.99982206352926,1.5757575757575757,0.93125,2.401896484375,0,0,0.035
1.816175,1.0654215128295468,2.337517850050048,0.999991256632452,0.8292682926829268,0.865625,1.449185546875,0,0,0.0
1.5107750000000002,1.046350323744395,0.9588223110481664,0.9999949915016314,0.7272727272727273,0.965625,1.4139075520833333,0,0,0.0
1.2375250000000002,4.655389994404335,115.51396205100173,0.3575837551687388,2.6357615894039736,0.8427083333333333,8.426896484375,1,0,0.435
1.2497,1.056699578877554,0.9488447666262676,0.999998718363213,1.56,0.7510416666666667,1.4211471354166667,0,0,0.0
1.43455,1.162069275043446,11.440622264242675,0.9999633039455356,0.6666666666666666,0.971875,1.7113684895833334,0,0,0.0
1.778525,1.0388305925414405,1.9831432034218888,0.9999930060289324,0.375,0.8958333333333334,1.7132955729166668,0,0,0.0
1.53035,4.244595740468107,41.86480758586936,0.4259197830372423,0.6894736842105263,0.7895833333333333,6.71395703125,1,1,0.705
1.212325,0.9685850504731116,0.4121201915846768,0.999998796109298,1.0,0.9552083333333332,1.4291458333333331,0,0,0.0
1.70745,4.818626671573551,98.38952130033924,0.3286494170545632,2.004878048780488,0.7864583333333334,8.728156901041666,1,1,0.815
1.6241999999999996,1.0560468739596742,0.8335351697848346,0.9999972317210352,0.6666666666666666,0.9385416666666668,1.2956959635416667,0,0,0.0
1.4500499999999998,1.0708926183329492,0.7572356160361089,0.9999878453228578,0.6153846153846154,0.3739583333333333,1.4818450520833333,0,0,0.0
1.513775,3.062216517491864,135.73191331057865,0.9880242247501744,2.3,0.9708333333333332,5.547682942708333,0,1,0.88
1.38395,1.695458050203543,63.94498170659744,0.9995866520670283,1.2,0.85625,3.5412701822916666,0,0,0.365
1.40165,1.025254114841779,13.502822897881458,0.987838476796875,0.7168949771689498,0.584375,5.494296223958333,0,0,0.045
1.41195,1.0097455124931232,0.9094784625439728,0.9999947100023524,0.217391304347826,0.9760416666666668,1.380571614583333,0,0,0.0
1.4626750000000002,1.9432676089514795,44.08026710377245,0.8742177735880167,1.6725978647686832,0.7072916666666667,5.956542317708333,0,1,0.76
1.6137749999999995,3.2647851384126336,110.26344684500894,0.942462062228407,1.6363636363636365,0.9541666666666668,5.084675130208333,1,1,0.97
1.5778,1.013994082822972,0.8584401632678009,0.9999957619902474,0.5882352941176471,0.8104166666666667,1.3437734375,0,0,0.0
1.771125,1.3438962013488989,29.134854920154915,0.99947042630481,0.7547169811320755,0.5635416666666667,3.881533203125,0,0,0.055
1.377325,2.4535398916667326,66.83756834320396,0.9945623723075488,1.3333333333333333,0.44375,4.4505970052083335,0,0,0.335
1.4563249999999996,1.0965559721236304,26.31140508682316,0.9973435833770088,1.4516129032258065,0.6833333333333333,3.964913411458333,0,0,0.17
1.07005,0.9812064003052569,0.6906734360697442,0.9999973985671238,0.2802547770700637,0.5177083333333333,2.8957278645833333,0,0,0.0
1.095375,0.9833585307506107,0.1479404620371269,0.9999979719441386,1.0,0.8302083333333333,1.4461399739583334,0,0,0.0
1.3432,1.0791612483776465,2.2889540761122937,0.9999985124405124,0.951219512195122,0.9260416666666668,1.4011438802083334,0,0,0.0
1.57945,3.1296955123462094,109.77902739976167,0.5188598722509843,4.0,0.915625,7.130603515625,1,1,0.925
1.70275,5.933295290140211,126.63805149947812,0.957486463360452,2.8677685950413223,0.8739583333333333,8.097110677083332,1,1,0.99
1.47195,2.181602392737961,54.44591067670828,0.7022425410611807,1.0830945558739256,0.6364583333333333,7.994557291666666,1,1,0.775
1.586075,1.062452822482015,0.8751812905216667,0.9999958585650628,0.3643410852713178,0.471875,2.524548828125,0,0,0.0
1.56675,4.559511048347179,125.99088710836632,0.966080053483338,1.894736842105263,0.9010416666666666,7.990581380208333,1,1,0.99
1.59625,1.071396285227833,1.8067452988189456,0.9999960653638208,0.0952380952380952,0.9489583333333332,1.4420735677083336,0,0,0.0
1.1587999999999998,0.963871879452866,0.3610279955987607,0.9999893516968544,0.7272727272727273,0.9177083333333332,1.438369791666667,0,0,0.0
1.5304,2.610502825127757,126.4585053890565,0.8795593570577082,2.269230769230769,0.91875,9.016700520833332,1,1,1.0
1.6823,1.066574891885235,0.3781363584839567,0.999998278449568,1.0,0.8114583333333333,1.6509720052083332,0,0,0.0
1.4102,1.064066727230957,1.2543115078116251,0.9999935642678146,2.333333333333333,0.9125,1.46534765625,0,0,0.0
1.729575,4.306373184014595,160.58162155333045,0.7256498963441029,3.0689655172413794,0.8791666666666667,7.199569010416667,1,1,0.975
1.587975,2.8548619931618413,134.97541442958902,0.6777354723607559,1.7321428571428572,0.825,5.3502265625,1,1,0.96
1.6540999999999997,2.785630269795329,90.89889892676491,0.956058101050747,1.9333333333333331,0.921875,7.398643229166668,1,1,0.985
1.514375,4.029696762785012,75.38698808076445,0.9731763716855572,2.459016393442623,0.9364583333333332,7.450811848958334,1,1,0.945
1.311375,1.0434835887545142,1.2519249664516965,0.9999809502657336,3.0,0.9625,1.28378515625,0,0,0.0
1.6631250000000002,1.0707726182528203,0.7646043781949956,0.9999974800763024,0.7380952380952381,0.4354166666666667,1.4053515625,0,0,0.0
1.4404,0.992993957685544,0.9784259338772756,0.9999579116681204,0.9444444444444444,0.9354166666666668,1.3754960937499998,0,0,0.0
1.32365,0.98538774094262,4.395450507935507,0.9998647441363964,1.8387096774193548,0.9677083333333332,1.6963515625,0,0,0.0
1.2657,0.9671080601463312,0.6850582601534541,0.9999930568360732,0.8571428571428571,0.9489583333333332,1.41265625,0,0,0.0
1.1515999999999995,0.9904291998926524,0.3855158356230959,0.9999892350118536,1.0,0.3479166666666666,1.58049609375,0,0,0.0
1.421725,2.0110996991695864,61.206606954450905,0.7917866950467478,1.6779661016949152,0.815625,8.123782552083334,1,1,0.925
1.3378,0.9596400366804212,77.49531716089655,0.964663241268936,1.0606060606060606,0.690625,5.645425130208333,0,0,0.325
1.2460250000000002,0.9776113747292428,0.4675886371438764,0.9999478992536136,1.8888888888888888,0.9104166666666668,1.47169140625,0,0,0.0
1.5742749999999996,3.626002482073061,54.777301471548014,0.8520701451159749,0.5487179487179488,0.746875,6.407952473958334,0,1,0.605
1.504425,2.330590697655854,102.46754701304523,0.8627679990430824,2.76056338028169,0.9260416666666668,7.947832682291666,1,1,0.99
1.17685,2.118884140296491,112.34640840042783,0.6878554621591245,3.7641509433962255,0.8895833333333333,6.975888671875,1,1,0.84
1.36255,1.2814967811118372,9.164698398128465,0.999988751888621,0.6944444444444444,0.9583333333333334,1.4116881510416666,0,0,0.0
1.5742999999999998,2.784711295628328,76.046407473131,0.7506274725786349,1.8221153846153848,0.7833333333333333,5.664904296874999,1,1,0.945
1.5761249999999998,1.1636554472866958,4.078479325885496,0.9999557068660798,1.0869565217391304,0.7583333333333333,1.78209375,0,0,0.0
1.5394250000000005,1.060658286160062,1.0592343953113603,0.999987598087496,1.0,0.9020833333333332,1.4482141927083334,0,0,0.0
1.32945,0.9856779392884878,1.0021432197302715,0.9999845692915126,0.4534883720930232,0.5229166666666667,4.165533203124999,0,0,0.005
1.038,1.05840304232367,6.558211042781721,0.9999689661201718,1.2173913043478262,0.3510416666666666,1.7459641927083331,0,0,0.0
1.16155,1.0972442754464478,6.802339416613482,0.9999706174935882,2.55,0.8645833333333334,1.682126953125,0,0,0.0
1.26755,0.9978842618259895,5.099111933104652,0.999990771657702,2.0,0.5354166666666667,1.7329374999999998,0,0,0.0
1.660875,4.341331708128279,87.74104981583157,0.9929611310377884,1.0254777070063694,0.8364583333333333,6.502836588541667,0,1,0.815
1.40155,1.0658672525225643,4.880946824918368,0.9999944202239208,0.4350282485875706,0.534375,1.93190234375,0,0,0.0
1.2939,1.032012596822345,2.7526489138148804,0.997822925991317,2.323232323232323,0.896875,2.8721595052083333,0,0,0.115
1.4233999999999998,4.609296909508,90.94183071328582,0.3688574365652061,2.321428571428572,0.825,6.447848958333333,0,0,0.475
1.761975,1.0316375332450831,0.7335722025886184,0.9999949486618588,1.4444444444444444,0.815625,1.4439609375,0,0,0.0
1.25645,1.0756756016569309,3.420391884101676,0.9999948325248454,1.8823529411764703,0.959375,1.6096822916666669,0,0,0.0
1.3968250000000002,1.2395745237782196,34.59898453877345,0.9995625932895827,0.967741935483871,0.9447916666666668,2.2241985677083336,0,0,0.115
1.44735,1.065409780319291,1.1956527471219405,0.9999945241348226,0.5294117647058824,0.9364583333333332,1.4633391927083337,0,0,0.0
1.40265,2.644301609121017,27.775956376333795,0.9928807125091256,0.3796296296296296,0.4770833333333333,6.272285156250001,0,0,0.46
1.22085,1.0143165186469163,1.5055310038426055,0.9999972107539908,0.4838709677419355,0.54375,5.305806640625,0,0,0.005
1.54655,1.0576038956055334,2.3825699260444004,0.9999849701611186,1.2352941176470589,0.9052083333333332,1.6841380208333334,0,0,0.0
1.15435,1.059060904764216,0.255294430698231,0.9999988972751638,2.7777777777777777,0.9260416666666668,1.2788430989583337,0,0,0.0
1.491475,1.0267331688418369,1.3546250787978806,0.9999954212216884,4.0,0.9520833333333332,1.4231158854166666,0,0,0.0
1.33585,2.757591702917602,106.53490393047532,0.9895407745200056,0.7777777777777778,0.878125,5.532637369791667,1,1,0.74
1.624625,1.0505227270268835,0.930656240408286,0.9999968561574112,1.4545454545454546,0.9177083333333332,1.27296484375,0,0,0.0
1.4791500000000002,3.1184903398920443,88.4332220848122,0.5457885512216324,3.57843137254902,0.89375,6.353020833333334,1,1,0.965
1.496975,3.531252893804124,69.08304470470149,0.9495809397103286,0.253012048192771,0.5114583333333333,6.796069010416666,1,1,0.73
1.6908,3.3436592230668487,70.76215715894895,0.99996744901159,1.761904761904762,0.9416666666666668,4.170619791666667,0,0,0.355
1.3970499999999997,1.056080962805409,0.5023897247355045,0.9999940232215538,2.5,0.4645833333333333,1.4868235677083337,0,0,0.0
1.6358,0.9780945762041624,3.421802184016684,0.9999972664344856,1.3214285714285714,0.8895833333333333,1.4685846354166667,0,0,0.0
1.6520000000000004,2.4242072931166594,48.14653971016682,0.5979928731390585,1.836065573770492,0.9239583333333332,5.912514322916667,0,1,0.75
1.23595,1.521565641042147,17.022879935505898,0.9999978001659118,2.0,0.9958333333333332,1.9137864583333333,0,0,0.025
1.61515,1.1879612788302487,25.565680716814946,0.999665835464513,1.1538461538461535,0.8822916666666667,2.8423196614583333,0,0,0.02
1.365625,1.0605677724690676,0.7396039821218956,0.9999956328413996,0.6666666666666666,0.3697916666666667,1.63305078125,0,0,0.0
1.851325,4.599701403352178,80.69074207918217,0.993125212952076,1.9666666666666663,0.90625,5.625647786458333,0,1,0.815
1.597,3.943063022575216,70.46425602136514,0.9934302057746768,1.816901408450704,0.9260416666666668,5.464222005208333,1,1,0.905
1.2935,1.0521126365556113,2.6646259231887197,0.9999653705156352,0.6428571428571429,0.3375,1.6055983072916664,0,0,0.0
1.0283749999999998,0.9721630521676906,1.791855479853382,0.9999510698753884,2.4545454545454546,0.940625,1.3718053385416666,0,0,0.01
1.027875,0.9818976525076328,0.1769056983174266,0.9999979986694182,1.0,0.7135416666666666,1.4273951822916664,0,0,0.0
1.50705,4.308716862361694,64.22491275949423,0.5098966747736453,2.3684210526315788,0.8020833333333334,8.582241536458332,0,1,0.88
1.860025,6.489816407264538,119.9515324266988,0.9690137684264684,3.0,0.9604166666666668,6.902208984374999,1,1,0.98
1.1675,0.9646501956668022,0.5670440083818846,0.9999872862409676,0.9285714285714286,0.9229166666666668,1.4284602864583331,0,0,0.0
1.421575,2.7271411771303664,92.45416069647698,0.9767764358194736,1.5862068965517242,0.89375,8.136516927083333,1,1,0.99
1.605625,1.0000464989189253,1.1142944785697608,0.9999641587685368,0.1860465116279069,0.821875,1.9347109375,0,0,0.0
1.6187999999999998,1.0579650277773835,1.521403760162542,0.9999938810813724,0.6435643564356436,0.5260416666666666,2.713966796875,0,0,0.0
1.62395,1.008498388694796,1.4851272081438296,0.9999929079869015,0.6666666666666666,0.9854166666666668,1.235883463541667,0,0,0.0
1.789,4.946005863320423,124.6874665968974,0.4256986234852543,2.447619047619048,0.890625,7.545152994791667,1,1,0.8
1.12315,1.084037360979777,6.411906640949098,0.9999512859910572,2.333333333333333,0.9135416666666668,1.6148580729166668,0,0,0.0
1.6025000000000005,3.74671109107708,136.2308946159824,0.9307026608836726,1.7735849056603774,0.9447916666666668,5.865779296875,1,1,0.905
1.56955,3.024682627979339,37.230088379064085,0.6839702406773855,1.3674242424242424,0.725,5.733725260416667,0,1,0.65
1.122825,0.9707347732516848,0.6145052906555577,0.999997908430891,3.363636363636364,0.9302083333333332,1.2750598958333332,0,0,0.0
1.4691,2.8033403289647154,142.61339152708732,0.997125636787769,1.1111111111111112,0.934375,3.1188372395833333,0,0,0.29
1.448575,1.1310114941944664,6.573015865900786,0.9997538191875164,1.9791666666666667,0.95,1.9502317708333328,0,0,0.0
1.479,1.0074606692074883,1.4084041204362023,0.9999984529167903,0.8412698412698413,0.4260416666666666,2.790892578125,0,0,0.0
1.2446750000000002,2.5288212669146866,105.007151162825,0.6904743137285883,3.2586206896551726,0.8791666666666667,7.190315755208333,1,1,0.925
1.56705,4.763408338574387,80.16187495867698,0.3133002349614885,1.4362934362934363,0.7302083333333333,9.625517578125,1,1,0.555
1.3579,0.9973274286812732,0.6216636657529762,0.999998787600666,0.84,0.440625,1.3506145833333334,0,0,0.0
1.1275749999999998,0.9821471376530096,0.5972465728040959,0.9999981003220358,3.111111111111111,0.884375,1.2606360677083337,0,0,0.0
1.3612749999999998,2.787654569705508,151.49229008800754,0.99125398579735,2.05,0.9791666666666666,5.490763671875,0,1,0.85
1.366675,1.0514432937633869,0.497191642974446,0.9999970113937806,0.38544474393531,0.4135416666666666,6.324095052083334,0,0,0.005
1.5454750000000002,1.041048509916805,6.166855814530145,0.999989258054258,2.0,0.98125,1.5014641927083334,0,0,0.0
1.497225,1.068553227499688,0.8185049533679738,0.999997297708624,2.0,0.4645833333333333,4.1258899739583335,0,0,0.035
1.625325,2.974393551633677,142.5261245490487,0.6520823355538868,3.3035714285714284,0.8833333333333333,6.0380983072916665,1,1,0.85
1.643925,1.0527416587178453,3.817588985860951,0.9999937171761298,2.0,0.8739583333333333,1.4980514322916667,0,0,0.0
1.0634,0.9783051671130026,0.201171101581167,0.9999976036404936,0.2352941176470588,0.4302083333333333,1.2579440104166666,0,0,0.025
1.6365500000000002,1.22945109703477,5.264876785141581,0.999991864478613,0.75,0.375,1.4337109375,0,0,0.02
1.703725,2.309655385549974,67.5576553643355,0.9817839806792236,2.748031496062992,0.8677083333333333,7.759520182291666,1,1,0.98
1.4697999999999998,1.2803284734785834,19.740770393343126,0.9999056185914336,1.935483870967742,0.9354166666666668,2.1210143229166665,0,0,0.025
1.3422249999999998,1.1067614919213624,5.093966898586199,0.9999572915263016,1.0,0.9270833333333334,1.4998385416666666,0,0,0.0
1.61515,3.801673052749276,164.33313477712198,0.8784497492107965,3.9565217391304346,0.9520833333333332,10.778408203125,0,1,0.98
1.180425,0.999006506485318,2.109063996624627,0.9999970584921426,0.7678571428571429,0.425,3.155766927083333,0,0,0.0
1.28,2.012493229802277,25.221257872259457,0.9999885876268774,0.4626865671641791,0.50625,3.18563671875,0,0,0.13
1.098275,0.9915331562786996,0.2625772860696429,0.9999980902094614,1.0,0.971875,1.8708912760416667,0,0,0.0
1.5861,1.0654980056292926,1.7261029335877858,0.9999974941131156,2.333333333333333,0.9635416666666666,1.5057161458333332,0,0,0.0
1.145775,0.9884862163935316,0.4446845239201877,0.9999984907553612,1.6,0.9760416666666668,1.4569127604166667,0,0,0.005
1.4956,2.250561041162848,48.759343063984105,0.8906037367093942,0.3495145631067961,0.7854166666666667,6.808111979166666,0,1,0.74
1.272425,1.485442358356594,32.485041406630984,0.9998872841471436,1.9090909090909087,0.9197916666666668,2.208677083333334,0,0,0.035
1.2182,0.9706770832774408,0.9696673805163414,0.9999888317673712,1.6666666666666667,0.971875,1.2678111979166666,0,0,0.0
1.293275,0.990835506025092,0.3296289403897106,0.999994559729699,4.0,0.9520833333333332,1.2463639322916666,0,0,0.0
1.7604999999999995,1.0464119647634005,0.8747342059206034,0.9999917029102094,1.0,0.4677083333333333,1.458494140625,0,0,0.0
1.7131250000000002,2.222616926058109,98.68169558127305,0.999436655699972,1.4736842105263157,0.9114583333333334,2.834741536458333,0,0,0.305
1.68705,3.343314074387867,68.51120917975959,0.9961234121460232,2.5135135135135136,0.884375,8.442555338541666,1,1,0.96
1.4012,1.0364714178403571,1.2605835175645268,0.9999964815029724,1.0,0.9833333333333332,8.485389322916667,0,0,0.03
1.230475,1.0981060968777103,2.8620576302864986,0.999992294443719,0.6222222222222222,0.8802083333333334,1.592099609375,0,0,0.0
1.308925,1.0434835887545142,0.8003127363164708,0.9999945147754912,4.5,0.9583333333333334,1.2592376302083337,0,0,0.0
1.5171,2.076047446471299,136.2308946159824,0.9983249103735022,0.7741935483870968,0.9239583333333332,3.0782252604166667,0,0,0.22
1.1908,1.0308739011149717,0.9530442437477972,0.9999917795068378,0.8181818181818182,0.35625,2.395077473958333,0,0,0.0
1.308025,1.0038032675778654,0.9908988344720058,0.9999961120737604,0.5245901639344263,0.4177083333333333,2.367458333333333,0,0,0.01
1.119775,0.9795948141961552,0.1561546675553984,0.9999981631090512,0.5106382978723404,0.5479166666666667,1.501515625,0,0,0.0
1.135175,1.2614234023514863,6.119269472473235,0.9999834797294964,0.1612903225806451,0.3864583333333333,2.1046881510416666,0,0,0.015
1.03815,0.9748943532506484,1.019070046892523,0.9999972946704784,2.0,0.9885416666666668,1.3010989583333334,0,0,0.0
1.6065999999999998,1.4280777289769628,66.89010148263614,0.99963832206041,2.1604938271604937,0.915625,3.0500638020833333,0,0,0.215
1.2260750000000002,0.9805901284430718,2.097164783886967,0.9999951259780268,0.9431818181818182,0.4041666666666667,2.73725,0,0,0.0
1.497575,1.4414000138753988,47.69381927170811,0.9969855197723362,3.085714285714286,0.9197916666666668,2.970759765625,0,0,0.4
1.13105,0.9870227960893304,0.6036758250096739,0.9999919174784636,0.4166666666666667,0.4270833333333333,1.5429368489583333,0,0,0.0
1.12125,0.997140411376452,0.4751199604308169,0.9999983468850888,2.0,0.4625,1.3532174479166668,0,0,0.0
1.6295750000000002,5.404021187967346,132.85079869893298,0.2550105364589485,3.016949152542373,0.8770833333333333,6.07191796875,1,1,0.67
1.12785,1.0574431426795483,0.8199908786064682,0.9999970062430878,1.5714285714285714,0.409375,1.3099375,0,0,0.005
1.4733,3.4231310229087053,94.36954858851252,0.4753330587939381,4.274193548387097,0.9354166666666668,7.502703125000001,1,1,0.89
1.0487750000000002,0.9618944848578768,1.195963984542061,0.9999980281278266,0.6,0.9770833333333332,1.323912109375,0,0,0.005
1.1584,0.9643199676455942,1.749036676452704,0.9999980165412582,1.681818181818182,0.9770833333333332,1.4147141927083335,0,0,0.0
1.40275,0.9619838875989556,3.490065674703714,0.9999838245208345,0.5961538461538461,0.8375,1.8244772135416667,0,0,0.0
1.2125499999999998,1.5306145824471946,17.13936244236237,0.999497470775896,1.375,0.9916666666666668,2.902798177083333,0,0,0.045
1.6673749999999998,1.076296427570026,3.119442351775831,0.9997747580949528,3.740740740740741,0.971875,1.5135221354166666,0,0,0.01
1.285775,3.2079978179543702,70.45870488656544,0.8540055431571768,0.7310924369747899,0.7520833333333333,6.451996744791667,0,1,0.615
1.6688499999999995,0.9855622760637708,3.133252971570556,0.9999346513118827,0.5740740740740741,0.6958333333333333,3.133451171875,0,0,0.0
1.40055,1.072793549570466,6.220867404613696,0.9999877922086112,0.1666666666666666,0.4916666666666666,3.078028645833333,0,0,0.0
1.35705,2.1753496270714736,116.35931372572558,0.7436589415255713,1.839779005524862,0.8114583333333333,8.569259114583334,1,1,1.0
1.522325,1.0107769289017237,0.2610782885484468,0.9999949867608664,2.5,0.9708333333333332,1.3604029947916667,0,0,0.0
1.6259500000000002,1.0665580152996836,1.8614145082492255,0.9999987999997184,0.625,0.95625,1.4770533854166663,0,0,0.0
1.1578,1.943901489273569,15.926489051877695,0.9999774565592808,0.8,0.378125,1.763076822916667,0,0,0.12
1.6811250000000002,1.0538031125404783,0.2158777019377993,0.9999993483451918,9.0,0.9770833333333332,3.04508203125,0,0,0.02
1.6106250000000002,1.05130300104204,0.7365544756669848,0.9999963064653364,0.5,0.9604166666666668,1.2593691406249998,0,0,0.0
1.13055,1.0595914306939256,0.8720990691061252,0.9999883425142456,0.5333333333333333,0.3822916666666666,1.2809466145833333,0,0,0.0
1.2646000000000002,3.768956619543398,109.46843406688166,0.9701042255526888,1.2897196261682242,0.8885416666666667,8.953042317708334,1,1,0.88
1.408,1.2029979218602167,45.420803029677415,0.9979422974952395,0.631578947368421,0.703125,5.174930989583333,0,0,0.17
1.249275,1.0050646745359226,2.6748776286726184,0.9992612049298344,2.025,0.9583333333333334,1.891705078125,0,0,0.0
1.6483249999999998,1.3046815703458066,3.4682926328415817,0.9991177977577036,0.3770491803278688,0.8208333333333333,2.36943359375,0,0,0.035
1.6203,3.547324202832326,97.86691276162152,0.9864171254848336,2.783333333333333,0.875,7.282203125,1,1,0.99
1.2228749999999995,0.9953079925329646,0.9999291217358176,0.9999987150588128,3.5,0.9770833333333332,1.6414114583333332,0,0,0.0
1.41315,3.754318313622328,96.4391331658836,0.9855741220690698,1.349056603773585,0.8895833333333333,8.162688802083334,1,1,0.985
1.451,3.198818688203506,68.37996808363319,0.9987339599960288,1.4444444444444444,0.3666666666666666,5.277522786458334,0,0,0.385
1.621875,0.9936991496423856,1.5571412700198837,0.9999700769692796,1.3,0.875,1.64205859375,0,0,0.0
1.56325,1.1313712918401275,13.561224730352592,0.9820340862881992,0.50199203187251,0.603125,4.709344401041666,0,0,0.05
1.77795,1.043674757766997,2.312595331223733,0.9999780724063728,0.25,0.3729166666666667,1.640799479166667,0,0,0.0
1.216575,0.9946838693776028,1.2140608131868191,0.999999363000994,0.7704918032786885,0.4583333333333333,4.819943359375,0,0,0.015
1.0674499999999998,1.0100158414599247,0.4505893740859505,0.9999951234534458,0.3793103448275862,0.4052083333333333,1.79459375,0,0,0.0
1.237575,2.1346594576184748,58.46686962021624,0.9771060595279358,1.3076923076923077,0.9729166666666668,4.3594830729166665,1,1,0.625
1.420425,1.1981861291135032,6.576370100860537,0.9999947292366024,0.5757575757575758,0.428125,5.900982421875,0,0,0.02
1.6437750000000002,1.150022608473416,10.20176621449529,0.9999834019524296,0.5909090909090909,0.9020833333333332,1.3768899739583331,0,0,0.0
1.075775,1.0171307683872313,4.734461854896267,0.9999000359125494,1.0769230769230769,0.3989583333333333,2.2423717447916665,0,0,0.0
1.401625,2.894812774602185,99.06867405357198,0.4648458741697736,2.289256198347108,0.8739583333333333,6.858158203124999,1,1,0.72
1.41065,1.1031627259837962,36.83290290065737,0.9830226343978784,0.7838983050847458,0.7541666666666667,4.791960286458333,0,0,0.29
1.1412250000000004,0.9612231790796556,2.5824594620470123,0.9999782078527064,0.7674418604651163,0.4239583333333333,4.595234375,0,0,0.01
1.6443999999999996,1.0789796105580494,1.7885696408998122,0.999991810275719,1.3333333333333333,0.921875,1.3180123697916666,0,0,0.0
1.6543999999999996,1.40459887512414,23.396886645882034,0.9982041260657668,1.7468354430379749,0.9177083333333332,4.209739583333333,1,1,0.635
1.6706500000000002,1.2850412444742776,68.38012027796916,0.9995419429685868,1.45,0.8729166666666667,4.331318359375,1,0,0.455
1.32065,1.0567393245261576,1.3732543308264944,0.9999945053670608,0.7142857142857143,0.3677083333333333,1.4472747395833334,0,0,0.0
1.763675,4.48572792309119,88.60229398757035,0.9977724988392288,1.3026315789473684,0.9208333333333332,5.477630208333333,1,1,0.69
1.415775,1.0028389701243166,1.9202160495835583,0.9999970007385828,1.25,0.4208333333333333,2.8299212239583333,0,0,0.0
1.61715,1.1840312495876113,15.44139988877711,0.99997775877685,0.3237410071942446,0.4947916666666667,3.066833984375,0,0,0.0
1.659975,1.076296427570026,3.234716386474588,0.9999588071860585,1.1111111111111112,0.4510416666666667,1.4512727864583337,0,0,0.0
1.7344000000000002,1.0759670069291158,6.85866347169393,0.9999817160528606,0.4814814814814814,0.946875,2.063360026041667,0,0,0.0
1.461825,4.816488451143634,97.05995711138873,0.3204255741299336,2.6370967741935485,0.8708333333333333,7.471662109375001,1,1,0.745
1.582425,1.9548608646141548,46.40850761759427,0.9815387325525334,0.4848484848484848,0.70625,5.465559895833334,1,1,0.59
1.6923,2.4765980699338352,60.96749444315218,0.9367801971956676,2.150537634408602,0.903125,7.343661458333334,1,1,1.0
1.6231750000000005,1.0646487683738708,1.3615108346192244,0.9999952466579553,1.0,0.9333333333333332,1.2930859375,0,0,0.0
1.6071750000000002,3.7328988735297934,92.3587918146313,0.9702519943404764,1.2857142857142858,0.890625,6.492496744791668,1,1,0.925
1.5102,2.7622183114301446,74.98326262567542,0.9912580250176948,2.6301369863013697,0.9239583333333332,7.720108072916668,1,1,0.98
1.3728000000000002,0.988243897021378,2.1803134260792234,0.9999503960905924,0.2222222222222222,0.3760416666666666,1.2786835937499998,0,0,0.0
1.4911,1.1558049143345948,35.02776015021911,0.9766681721600242,0.74235807860262,0.6010416666666667,6.049845703125,0,0,0.27
1.576275,1.0137775890203926,0.5511363983038962,0.9999992654111745,0.3333333333333333,0.7947916666666667,1.31396875,0,0,0.0
1.584175,3.7105014485915513,115.6915867156982,0.4410646912233543,3.0,0.85,6.953054036458335,0,1,0.73
1.444225,2.8145473881247765,109.53371417233416,0.9616209309035404,1.2352941176470589,0.946875,6.261658854166667,0,1,0.92
